ID,USER_NAME
4462691836,Ayula
1267875314111262723,ğ™ªğ™œğ™ ğ™¢ğ™® ğ™¢ğ™ğ™£ğ™™ â€â€‹â€â€‹â€
435369004,Lopez
1434666425197674497,Nya ğŸ¥€
1446509258284089346,Mishal
1350730904608489473,Melissa Williams ğŸ‡ºğŸ‡¦ğŸ’™ğŸ’›ğŸ‡¦ğŸ‡º
1330632725712297987,chloe is in their breakup era
1258481143579471872,RoopaSri...
940423000813383680,kirz10
1106596797043097600,Weamj
1507317506532249610,Marcus Lopez Carriel
1452977295606484992,Derek
1325299253493731328,Nani
1224960067658768384,Juliet Akoh
1298254830310289408,rounak sharma
1120700472577413120,Já´€ÊœÉªÉ´ KÊœÉªÊŸá´€á´…Éª
1342509500,C-Line
1475506757212401664,Suman Mukherjee
915234968829415426,Fafali kwashigah
4808816673,taeğŸ”…
2176216695,Clasmel
1233565843897737217,bbyâœ¨ğŸ£ğŸ’«
1507692191975542789,hiraya.
737964387055632384,Molebogeng Malebye
53708555,Jenn Wise
30101163,Krystal with a K
1354593753055588353,LisaYo
3648992059,JasÂ³â°| ğŸ•ŠğŸŒ»â˜®ï¸
1333963597257596930,ğŸª¦MarleyğŸª¦
1509677711924604929,layla
950945125500252160,ğŸ¶â›“ğŸ¦‹ğŸ”œ ğšğšc
1427648399122305090,Shieamer
1465120917072322568,ğ‘ƒğ‘ğ‘Ÿ_ğŠ-ğ‘±ğ¢ğ«_ğŒğ‘–ğ‘›
2930252929,Ø£Ø¬ÙˆÙ„Ù‡
1443783627272167424,Kelly Bishop
358208178,It's bigger than black and white!
2183769955,Gabriel Robert
490960471,TDJwrites
1413062865473327110,SierrağŸ’€ğŸ’•
878377849513590784,Grant
1105955936454303749,hey
1293301942123261952,sofiağŸ‘¾
1442158847276109828,IzzyğŸ–¤
1406741991438704641,á´¾â­’PARKER `JOO-HYUN` PAEKâ­’
1489628029772988424,ACHYUT KUMAR MAJHI
1453553311223779332,Janine Pyle
1318297701570707468,Corduroy Rodeo
1423380906635583491,Sue Verona
1327921138547130368,Kathleen Fallon
201934462,big be.
1286450239013097480,RONNIE
1044929958462869504,Mint Choc ChipğŸ¥‚
838123117360918528,stoner.slutttğŸŒ±
1432169370000764928,ğŸ’œLexyğŸ’œ
1398329983236509699,EValdezâš–ï¸ğŸ¦‹ğŸ¦‹
1297967730423762949,Shimerring_Starr âœ¨âœ¨
1126600948892209152,LovelyAsFuck~ğŸ’™
1281781606789849088,aegla
1232002637622628352,â€¢ keemie â€¢
4189725461,â
1143184965888352261,MochaağŸ§‹
47528226,MAC
1393071948129837058,Coco
3902304372,K i K O
1465551445680443394,unruly finest ğŸŒ¹
4888184264,MoanağŸ’™ğŸŒŠ
719580493595840513,Paul
376763386,B
3408365609,Christina Thompson
2830457496,3ï¸âƒ£
409776157,Free Granny ğŸ‘µğŸ½
1153911924322684928,ashh
1115292892489224193,Rahman
863694157,Bee ğŸ
2752485726,kinginğŸ‘‘
1320232417089581062,pğŸŒŒ
1407332571835506688,Chidhakwa Chine Swagga ğŸ‡¿ğŸ‡¼
890779058631360512,ãƒ¤ãƒ
435369004,Lopez
1350730904608489473,Melissa Williams ğŸ‡ºğŸ‡¦ğŸ’™ğŸ’›ğŸ‡¦ğŸ‡º
1388150418786619399,9christabel_
251009285,dindu(â—œâ€¿â—)â™¡
2638007353,Û©ÛÛ©Ñ¶ğ¢Ğºğ”¸ï¼³ ï¼¡ğ“–â’¼ğ€Ê³ï½—Î±ğ“µ Û©ÛÛ© ğŸ‡®ğŸ‡³
4808816673,taeğŸ”…
53708555,Jenn Wise
787388453881196545,Jo-Lynn's Expressions ğŸª„ğŸ™âš–ğŸ¤
1509677711924604929,layla
17734639,Cheryl Benson #SavingCheryl
1288536916082790408,KingLibra94
1248626705289236487,underthirtyCeo
474734150,ğŸ‡±ğŸ‡§Xena@PeaceğŸ‡±ğŸ‡§
1407526519,Sumi Singh
273585210,Lysh
1465120917072322568,ğ‘ƒğ‘ğ‘Ÿ_ğŠ-ğ‘±ğ¢ğ«_ğŒğ‘–ğ‘›
1447989868764696577,Purple
358208178,It's bigger than black and white!
2183769955,Gabriel Robert
1197710593693638656,Aelin
1327921138547130368,Kathleen Fallon
30814895,Angela - Î£Î²Î¾
1494007699511652363,Merideth ochoa ğŸ‘‘
855847879394680833,Mr. Acosta
755885554164649984,Smug
1442726769753300993,Jerome_Kem
1115292892489224193,Rahman
1667225028,ShegobyK.
532947637,MaSazi Ndlela
1331051265221160960,â™¡ITZYNOLIMITâ™¡
172331802,Jumana Yusufali
1213250358903861248,Rawadhlal
97340880,SpringRain7549
857035211451793408,Rozay 03
1429632285956059138,PPHHOOEENIIXXXğŸ”¥
290806632,A
1458267636815437824,Moni
325797242,Gloria Boules
1474484750530269190,Karen j selby
729852661,'
1373031535943806981,zClaw
1440470726230769669,Lissa
1508818770780905474,Jenny
829121821966491651,lauraâ™¡ï¸
1322978924331208704,CHEESECAKE Aka CRAZY BRAY
1469898015691268099,444
1465348482097725447,Carolyn Williams
1509559296882884610,Martha Keys
1156357660049940480,É®ÊŠÊ„ÊŠ
1216018669723160580,Octoberâ€™s Own ğŸ™ŒğŸ¾
2305685082,ginger
409776157,Free Granny ğŸ‘µğŸ½
1473884091279974404,LaTonya Walker
157300185,Teresa Grant
817722037938561024,lÃ¨n
1254351616112766976,....
1287806842555572225,Gontlenyane ğŸ¥°
814431473675669504,â™
702247159618469888,TimBohannan
1058950399158378496,Cassandra Bumpers
1292975794763882496,Sally Cescolini
1093022402,Darius Jay ğŸ–¤â™
1524344294,I'am Girish
1441828409299009549,Unbelievably unapologetic.
1715898932,Saad Baloch
372963001,Billion$babyğŸ§œğŸ¼â€â™€ï¸
1314293986115440642,â˜€ï¸shinepottgirl
882767323010146304,Ms. Lady
1432467313916272643,Naomi Stefens
1351216309451812866,êª¶à¿‹ê«‚ViniellllğŸŒ´
835200985496760321,Ronak satra
496025951,Maxine
32765591,kai
2712859230,Laud Ebenezer Freema
956854560781422592,Oluwatomisin
968507455557787649,DB
1388150418786619399,9christabel_
1299677428730810368,Nuru Deen
1325299253493731328,Nani
1120700472577413120,Já´€ÊœÉªÉ´ KÊœÉªÊŸá´€á´…Éª
1245418167612125184,Maeâ€™s Sugar Rush
1504908265821511682,Niesha Bailey
915234968829415426,Fafali kwashigah
787388453881196545,Jo-Lynn's Expressions ğŸª„ğŸ™âš–ğŸ¤
1209043278546423808,Ranu Agarwal
1497443382,HWAEE ğŸ’
2176216695,Clasmel
53708555,Jenn Wise
201004329,CRENSHAW
564310494,â„­ğ”¬ğ”¯ğ”¦ âœ¨
1487210263103344644,Karen Jette
1355328733356421122,Thatsherja
1354593753055588353,LisaYo
1487892814344110082,Nancy Mezzina
474734150,ğŸ‡±ğŸ‡§Xena@PeaceğŸ‡±ğŸ‡§
1465120917072322568,ğ‘ƒğ‘ğ‘Ÿ_ğŠ-ğ‘±ğ¢ğ«_ğŒğ‘–ğ‘›
358208178,It's bigger than black and white!
3191887656,KakamPINK Defender ğŸŒ·
819956711251443712,RainbonHeauxğŸŒˆ
2892853139,Aubree Butler
1327921138547130368,Kathleen Fallon
1489628029772988424,ACHYUT KUMAR MAJHI
30814895,Angela - Î£Î²Î¾
1212872642375475200,Hannah Gray
855847879394680833,Mr. Acosta
1690970197,Porchil
1115292892489224193,Rahman
172331802,Jumana Yusufali
1197710593693638656,Aelin
836345533811814400,ãƒ–ãƒªãƒ–ãƒªã‚¸ãƒ¼ğŸ–¤
325797242,Gloria Boules
1254351616112766976,....
702247159618469888,TimBohannan
372963001,Billion$babyğŸ§œğŸ¼â€â™€ï¸
1351216309451812866,êª¶à¿‹ê«‚ViniellllğŸŒ´
835200985496760321,Ronak satra
2397352734,Just Pam
816019391527665664,Papilo_afc
1427648399122305090,Shieamer
32765591,kai
1351909526572654593,Kyla Jimenez
1251518016204025859,Erika
1445698440218824710,Pekhluhlu C.
1089329941,joysfitlife
1498142444516376576,Madison â¤ï¸
934656158077353984,sepulveda
1181172721725538304,Typical Reynard
901927450489356288,schwong
1481656914954321922,Jasmita(Taylor's version)
1507629656480313344,Akash Shrivastava
104081340,ğŸ‡®ğŸ‡© HopeLessğŸ‡®ğŸ‡©
833707125251584000,m a d j
701337319928946692,Mary Mainolfi
1157528155,Karena
425423924,chanelle
721738383656095745,al0nddra
1355648930504179712,âœ¨Occult Leaderâœ¨ğŸ”®
1036972954175848448,Carla
94760665,zi â¨Ÿ D-279 á¯½
1226931296779284481,Francesca
1282109341311565824,GeneviÃ¨ve McLauchlan
1168398014735638529,Matty P.
1165638369524797441,Naomi
1417223345385484294,â“˜ ğŸ…¿ï¸apa Bear
1009163803156574208,Julie
805281843629039616,Monique Angelica Tiamzon
1319971905303138304,Nikki Martin
50865799,Gilman
793737177548988417,R A V E
1232421931556704264,ithinkthatwomen
750272659947188224,NII
1459855253613039617,Daniel Marsh
1228007600559665156,T...â™¡â™¡
1328813355486867457,saraâ˜ï¸
1442535202161512448,Rodelyn
